{"frames/1865.jpg": 74.6574093, "frames/2406.jpg": 96.2908632, "frames/2676.jpg": 107.0875962, "frames/3200.jpg": 128.0412558, "frames/3551.jpg": 142.0770087, "frames/3625.jpg": 145.0361133, "frames/3765.jpg": 150.6344193, "frames/3838.jpg": 153.553536, "frames/3928.jpg": 157.152447, "frames/4042.jpg": 161.7110676, "frames/4561.jpg": 182.4647877, "frames/4604.jpg": 184.1842674, "frames/4776.jpg": 191.06218619999999, "frames/4986.jpg": 199.4596452}