{"1865.jpg": 74.6574093, "2406.jpg": 96.2908632, "2676.jpg": 107.0875962, "3200.jpg": 128.0412558, "3551.jpg": 142.0770087, "3625.jpg": 145.0361133, "3765.jpg": 150.6344193, "3838.jpg": 153.553536, "3928.jpg": 157.152447, "4042.jpg": 161.7110676, "4561.jpg": 182.4647877, "4604.jpg": 184.1842674, "4776.jpg": 191.06218619999999, "4986.jpg": 199.4596452}